{
    "$schema": "schema.json",
    "actions": [
        {
            "verb": "triggerFlow",
            "url": "https://prod-101.westeurope.logic.azure.com:443/workflows/2be8a42d53b34d15b80b8209f87423f4/triggers/manual/paths/invoke?api-version=2016-06-01&sp=%2Ftriggers%2Fmanual%2Frun&sv=1.0&sig=xGwA_g2ff_WSYIQJ91Q",
            "name": "Record site creation event",
            "parameters": {
                "event": "site creation",
                "product": "SharePoint Online"
            }
        },
        {
          "verb": "applyTheme",
          "themeJson": {
            "version": "2",
            "isInverted": false,
            "palette": {
              "themeLight": "#fffdd3ce",
              "themeTertiary": "#ff7088aa",
              "black": "#ff3f3f3f",
              "neutralSecondary": "#ff53c7bd",
              "neutralTertiaryAlt": "#ffc8c8c8",
              "themeSecondary": "#ff567095",
              "themeDarker": "#ff1c3557",
              "neutralQuaternary": "#ffd0d0d0",
              "neutralPrimaryAlt": "#ff818181",
              "neutralPrimary": "#ff8c8c8c",
              "themeDark": "#fff87060",
              "themeLighter": "#fffee7e5",
              "neutralTertiary": "#ffd4d4d4",
              "accent": "#fff87060",
              "neutralQuaternaryAlt": "#ffdadada",
              "themeLighterAlt": "#ffd3dce8",
              "neutralLighter": "#fff4f4f4",
              "neutralLight": "#ffeaeaea",
              "neutralDark": "#ff555555",
              "themeDarkAlt": "#fff87060",
              "neutralLighterAlt": "#fff8f8f8",
              "white": "#ffffffff",
              "themePrimary": "#ff102542",
              "HyperlinkActive": "#ff1c3557",
              "CommandLinksPressed": "#ff1c3557",
              "NavigationPressed": "#ff1c3557",
              "EmphasisHoverBorder": "#ff1c3557",
              "TopBarPressedText": "#ff1c3557",
              "HeaderNavigationPressedText": "#ff1c3557",
              "Hyperlinkfollowed": "#ff1c3557",
              "EmphasisHoverBackground": "#fff87060",
              "EmphasisBorder": "#fff87060",
              "AccentText": "#ff102542",
              "CommandLinksHover": "#ff102542",
              "RowAccent": "#ff102542",
              "NavigationAccent": "#ff102542",
              "NavigationHover": "#ff102542",
              "EmphasisBackground": "#ff102542",
              "HeaderNavigationHoverText": "#ff102542",
              "HeaderNavigationSelectedText": "#ff102542",
              "SuiteBarBackground": "#ff102542",
              "Hyperlink": "#ff102542",
              "ContentAccent1": "#ff102542",
              "AccentLines": "#ff567095",
              "HeaderAccentLines": "#ff567095",
              "ButtonPressedBorder": "#ff567095",
              "SuiteBarHoverBackground": "#ff7088aa",
              "StrongLines": "#fffdd3ce",
              "HeaderStrongLines": "#fffdd3ce",
              "SuiteBarHoverText": "#fffdd3ce",
              "ButtonPressedBackground": "#fffdd3ce",
              "ButtonHoverBorder": "#fffdd3ce",
              "ButtonHoverBackground": "#fffee7e5",
              "SelectionBackground": "#7ffdd3ce",
              "HoverBackground": "#7ffee7e5",
              "NavigationHoverBackground": "#7ffee7e5",
              "PageBackground": "#ffffffff",
              "EmphasisText": "#ffffffff",
              "SuiteBarText": "#ffffffff",
              "TileText": "#ffffffff",
              "BackgroundOverlay": "#d8ffffff",
              "HeaderBackground": "#d8ffffff",
              "FooterBackground": "#d8ffffff",
              "DisabledBackground": "#fff8f8f8",
              "HeaderDisabledBackground": "#fff8f8f8",
              "ButtonBackground": "#fff8f8f8",
              "ButtonDisabledBackground": "#fff8f8f8",
              "SubtleEmphasisBackground": "#fff4f4f4",
              "DialogBorder": "#fff4f4f4",
              "NavigationSelectedBackground": "#c6eaeaea",
              "TopBarBackground": "#c6eaeaea",
              "DisabledLines": "#ffeaeaea",
              "HeaderDisabledLines": "#ffeaeaea",
              "ButtonDisabledBorder": "#ffeaeaea",
              "SuiteBarDisabledText": "#ffeaeaea",
              "SubtleLines": "#ffc8c8c8",
              "HeaderSubtleLines": "#ffc8c8c8",
              "ButtonGlyphDisabled": "#ffc8c8c8",
              "DisabledText": "#ffd4d4d4",
              "CommandLinksDisabled": "#ffd4d4d4",
              "HeaderDisableText": "#ffd4d4d4",
              "ButtonDisabledText": "#ffd4d4d4",
              "Lines": "#ffd4d4d4",
              "HeaderLines": "#ffd4d4d4",
              "ButtonBorder": "#ffd4d4d4",
              "CommandLinks": "#ff53c7bd",
              "Navigation": "#ff53c7bd",
              "SubtleEmphasisText": "#ff53c7bd",
              "TopBarText": "#ff53c7bd",
              "HeaderNavigationText": "#ff53c7bd",
              "ButtonGlyph": "#ff53c7bd",
              "BodyText": "#ff8c8c8c",
              "WebPartHeading": "#ff8c8c8c",
              "HeaderText": "#ff8c8c8c",
              "ButtonText": "#ff8c8c8c",
              "ButtonGlyphActive": "#ff8c8c8c",
              "TopBarHoverText": "#ff8c8c8c",
              "StrongBodyText": "#ff555555",
              "SiteTitle": "#ff555555",
              "CommandLinksSecondary": "#ff555555",
              "SubtleEmphasisCommandLinks": "#ff555555",
              "HeaderSiteTitle": "#ff555555",
              "TileBackgroundOverlay": "#7f3f3f3f",
              "ContentAccent2": "#ff00485b",
              "ContentAccent3": "#ff288054",
              "ContentAccent4": "#ff767956",
              "ContentAccent5": "#ffed0033",
              "ContentAccent6": "#ff682a7a"
            }
          }
        },
        {
            "verb": "createSPList",
            "listName": "Customer Tracking",
            "templateType": 100,
            "subactions": [
                {
                    "verb": "setDescription",
                    "description": "List of Customers and Orders"
                },
                {
                    "verb": "addSPField",
                    "fieldType": "Text",
                    "displayName": "Customer Name",
                    "isRequired": false,
                    "addToDefaultView": true
                },
                {
                    "verb": "addSPField",
                    "fieldType": "Number",
                    "displayName": "Requisition Total",
                    "addToDefaultView": true,
                    "isRequired": true
                },
                {
                    "verb": "addSPField",
                    "fieldType": "User",
                    "displayName": "Contact",
                    "addToDefaultView": true,
                    "isRequired": true
                },
                {
                    "verb": "addSPField",
                    "fieldType": "Note",
                    "displayName": "Meeting Notes",
                    "isRequired": false
                }
            ]
        },
        {
            "verb": "addNavLink",
            "url": "Lists/Customer Tracking/AllItems.aspx",
            "displayName": "Customer Tracking",
            "isWebRelative": true
        },
        {
            "verb": "addNavLink",
            "url": "SitePages/Our-Mission.aspx",
            "displayName": "Our Mission",
            "isWebRelative": true
        },
        {
            "verb": "addNavLink",
            "url": "SitePages/About-Us.aspx",
            "displayName": "About Us",
            "isWebRelative": true
        },
        {
          "verb": "removeNavLink",
          "displayName": "Pages",
          "isWebRelative": true
        },
        {
          "verb": "removeNavLink",
          "displayName": "Documents",
          "isWebRelative": true
        },
        {
          "verb": "removeNavLink",
          "displayName": "Site contents",
          "isWebRelative": true
        }
    ]
  }